,station_id,stationname,date,daytype,rides
0,41710,Damen-Lake,2024-12-31T00:00:00.000,W,379
1,41700,Washington/Wabash,2024-12-31T00:00:00.000,W,3825
2,41690,Cermak-McCormick Place,2024-12-31T00:00:00.000,W,940
3,41680,Oakton-Skokie,2024-12-31T00:00:00.000,W,348
4,41670,Conservatory,2024-12-31T00:00:00.000,W,336
5,41660,Lake/State,2024-12-31T00:00:00.000,W,8970
6,41510,Morgan-Lake,2024-12-31T00:00:00.000,W,2033
7,41500,Montrose-Brown,2024-12-31T00:00:00.000,W,933
8,41490,Harrison,2024-12-31T00:00:00.000,W,1775
9,41480,Western-Brown,2024-12-31T00:00:00.000,W,1710
10,41460,Irving Park-Brown,2024-12-31T00:00:00.000,W,889
11,41450,Chicago/State,2024-12-31T00:00:00.000,W,7052
12,41440,Addison-Brown,2024-12-31T00:00:00.000,W,747
13,41430,87th,2024-12-31T00:00:00.000,W,1359
14,41420,Addison-North Main,2024-12-31T00:00:00.000,W,9629
15,41410,Chicago/Milwaukee,2024-12-31T00:00:00.000,W,1823
16,41400,Roosevelt,2024-12-31T00:00:00.000,W,5242
17,41380,Bryn Mawr,2024-12-31T00:00:00.000,W,1427
18,41360,California-Lake,2024-12-31T00:00:00.000,W,476
19,41350,Oak Park-Lake,2024-12-31T00:00:00.000,W,494
20,41340,LaSalle,2024-12-31T00:00:00.000,W,818
21,40010,Austin-Forest Park,2024-12-31T00:00:00.000,W,442
22,40020,Harlem-Lake,2024-12-31T00:00:00.000,W,1599
23,40030,Pulaski-Lake,2024-12-31T00:00:00.000,W,758
24,40040,Quincy/Wells,2024-12-31T00:00:00.000,W,2310
25,40050,Davis,2024-12-31T00:00:00.000,W,1514
26,40060,Belmont-O'Hare,2024-12-31T00:00:00.000,W,2095
27,40070,Jackson/Dearborn,2024-12-31T00:00:00.000,W,1686
28,40080,Sheridan,2024-12-31T00:00:00.000,W,2484
29,40090,Damen-Brown,2024-12-31T00:00:00.000,W,964
30,40100,Morse,2024-12-31T00:00:00.000,W,2253
31,40120,35th/Archer,2024-12-31T00:00:00.000,W,973
32,40130,51st,2024-12-31T00:00:00.000,W,432
33,40140,Dempster-Skokie,2024-12-31T00:00:00.000,W,1139
34,40150,Pulaski-Cermak,2024-12-31T00:00:00.000,W,510
35,40160,LaSalle/Van Buren,2024-12-31T00:00:00.000,W,880
36,40170,Ashland-Lake,2024-12-31T00:00:00.000,W,902
37,40180,Oak Park-Forest Park,2024-12-31T00:00:00.000,W,271
38,40190,Sox-35th-Dan Ryan,2024-12-31T00:00:00.000,W,1360
39,40210,Damen-Cermak,2024-12-31T00:00:00.000,W,719
40,40220,Western-Forest Park,2024-12-31T00:00:00.000,W,378
41,40230,Cumberland,2024-12-31T00:00:00.000,W,1537
42,40240,79th,2024-12-31T00:00:00.000,W,2325
43,40250,Kedzie-Homan-Forest Park,2024-12-31T00:00:00.000,W,652
44,40260,State/Lake,2024-12-31T00:00:00.000,W,4853
45,40270,Main,2024-12-31T00:00:00.000,W,483
46,40280,Central-Lake,2024-12-31T00:00:00.000,W,924
47,40290,Ashland/63rd,2024-12-31T00:00:00.000,W,462
48,40300,Indiana,2024-12-31T00:00:00.000,W,285
49,40310,Western-Orange,2024-12-31T00:00:00.000,W,1399
50,40320,Division/Milwaukee,2024-12-31T00:00:00.000,W,2425
51,40330,Grand/State,2024-12-31T00:00:00.000,W,8056
52,40340,Berwyn,2024-12-31T00:00:00.000,W,0
53,40350,UIC-Halsted,2024-12-31T00:00:00.000,W,1042
54,40360,Southport,2024-12-31T00:00:00.000,W,1678
55,40370,Washington/Dearborn,2024-12-31T00:00:00.000,W,4674
56,40380,Clark/Lake,2024-12-31T00:00:00.000,W,5245
57,40390,Forest Park,2024-12-31T00:00:00.000,W,838
58,40400,Noyes,2024-12-31T00:00:00.000,W,219
59,40420,Cicero-Cermak,2024-12-31T00:00:00.000,W,660
60,40430,Clinton-Forest Park,2024-12-31T00:00:00.000,W,1224
61,40440,California-Cermak,2024-12-31T00:00:00.000,W,633
62,40450,95th/Dan Ryan,2024-12-31T00:00:00.000,W,3374
63,40460,Merchandise Mart,2024-12-31T00:00:00.000,W,2002
64,40470,Racine,2024-12-31T00:00:00.000,W,344
65,40480,Cicero-Lake,2024-12-31T00:00:00.000,W,529
66,40490,Grand/Milwaukee,2024-12-31T00:00:00.000,W,1206
67,40510,Garfield-South Elevated,2024-12-31T00:00:00.000,W,523
68,40520,Foster,2024-12-31T00:00:00.000,W,212
69,40530,Diversey,2024-12-31T00:00:00.000,W,1952
70,40540,Wilson,2024-12-31T00:00:00.000,W,3796
71,40550,Irving Park-O'Hare,2024-12-31T00:00:00.000,W,1733
72,40560,Jackson/State,2024-12-31T00:00:00.000,W,2009
73,40570,California/Milwaukee,2024-12-31T00:00:00.000,W,1956
74,40580,54th/Cermak,2024-12-31T00:00:00.000,W,966
75,40590,Damen/Milwaukee,2024-12-31T00:00:00.000,W,3048
76,40600,Kostner,2024-12-31T00:00:00.000,W,191
77,40610,Ridgeland,2024-12-31T00:00:00.000,W,398
78,40630,Clark/Division,2024-12-31T00:00:00.000,W,3998
79,40650,North/Clybourn,2024-12-31T00:00:00.000,W,2878
80,40660,Armitage,2024-12-31T00:00:00.000,W,1651
81,40670,Western/Milwaukee,2024-12-31T00:00:00.000,W,1889
82,40680,Adams/Wabash,2024-12-31T00:00:00.000,W,1744
83,40690,Dempster,2024-12-31T00:00:00.000,W,383
84,40700,Laramie,2024-12-31T00:00:00.000,W,443
85,40710,Chicago/Franklin,2024-12-31T00:00:00.000,W,2497
86,40720,East 63rd-Cottage Grove,2024-12-31T00:00:00.000,W,450
87,40730,Washington/Wells,2024-12-31T00:00:00.000,W,2143
88,40740,Western-Cermak,2024-12-31T00:00:00.000,W,558
89,40750,Harlem-O'Hare,2024-12-31T00:00:00.000,W,922
90,40760,Granville,2024-12-31T00:00:00.000,W,1545
91,40770,Lawrence,2024-12-31T00:00:00.000,W,0
92,40780,Central Park,2024-12-31T00:00:00.000,W,516
93,40790,Monroe/Dearborn,2024-12-31T00:00:00.000,W,1751
94,40800,Sedgwick,2024-12-31T00:00:00.000,W,1529
95,40810,Medical Center,2024-12-31T00:00:00.000,W,706
96,40820,Rosemont,2024-12-31T00:00:00.000,W,2593
97,40830,18th,2024-12-31T00:00:00.000,W,860
98,40840,South Boulevard,2024-12-31T00:00:00.000,W,311
99,40850,Library,2024-12-31T00:00:00.000,W,1081
100,40870,Francisco,2024-12-31T00:00:00.000,W,577
101,40880,Thorndale,2024-12-31T00:00:00.000,W,1503
102,40890,O'Hare Airport,2024-12-31T00:00:00.000,W,7259
103,40900,Howard,2024-12-31T00:00:00.000,W,2793
104,40910,63rd-Dan Ryan,2024-12-31T00:00:00.000,W,1007
105,40920,Pulaski-Forest Park,2024-12-31T00:00:00.000,W,605
106,40930,Midway Airport,2024-12-31T00:00:00.000,W,3535
107,40940,Halsted/63rd,2024-12-31T00:00:00.000,W,203
108,40960,Pulaski-Orange,2024-12-31T00:00:00.000,W,1646
109,40970,Cicero-Forest Park,2024-12-31T00:00:00.000,W,482
110,40980,Harlem-Forest Park,2024-12-31T00:00:00.000,W,203
111,40990,69th,2024-12-31T00:00:00.000,W,1673
112,41000,Cermak-Chinatown,2024-12-31T00:00:00.000,W,2851
113,41010,Rockwell,2024-12-31T00:00:00.000,W,743
114,41020,Logan Square,2024-12-31T00:00:00.000,W,2747
115,41030,Polk,2024-12-31T00:00:00.000,W,968
116,41040,Kedzie-Cermak,2024-12-31T00:00:00.000,W,547
117,41050,Linden,2024-12-31T00:00:00.000,W,888
118,41060,Ashland-Orange,2024-12-31T00:00:00.000,W,700
119,41070,Kedzie-Lake,2024-12-31T00:00:00.000,W,511
120,41080,47th-South Elevated,2024-12-31T00:00:00.000,W,440
121,41090,Monroe/State,2024-12-31T00:00:00.000,W,3033
122,41120,35-Bronzeville-IIT,2024-12-31T00:00:00.000,W,471
123,41130,Halsted-Orange,2024-12-31T00:00:00.000,W,882
124,41140,King Drive,2024-12-31T00:00:00.000,W,214
125,41150,Kedzie-Midway,2024-12-31T00:00:00.000,W,1257
126,41160,Clinton-Lake,2024-12-31T00:00:00.000,W,1477
127,41170,Garfield-Dan Ryan,2024-12-31T00:00:00.000,W,1284
128,41180,Kedzie-Brown,2024-12-31T00:00:00.000,W,974
129,41190,Jarvis,2024-12-31T00:00:00.000,W,828
130,41200,Argyle,2024-12-31T00:00:00.000,W,2213
131,41210,Wellington,2024-12-31T00:00:00.000,W,1201
132,41220,Fullerton,2024-12-31T00:00:00.000,W,4589
133,41230,47th-Dan Ryan,2024-12-31T00:00:00.000,W,1043
134,41240,Addison-O'Hare,2024-12-31T00:00:00.000,W,1177
135,41250,Central-Evanston,2024-12-31T00:00:00.000,W,356
136,41260,Austin-Lake,2024-12-31T00:00:00.000,W,714
137,41270,43rd,2024-12-31T00:00:00.000,W,375
138,41280,Jefferson Park,2024-12-31T00:00:00.000,W,2926
139,41290,Kimball,2024-12-31T00:00:00.000,W,2132
140,41300,Loyola,2024-12-31T00:00:00.000,W,2242
141,41310,Paulina,2024-12-31T00:00:00.000,W,1142
142,41320,Belmont-North Main,2024-12-31T00:00:00.000,W,5690
143,41330,Montrose-O'Hare,2024-12-31T00:00:00.000,W,997
144,41710,Damen-Lake,2024-12-30T00:00:00.000,W,450
145,41700,Washington/Wabash,2024-12-30T00:00:00.000,W,5566
146,41690,Cermak-McCormick Place,2024-12-30T00:00:00.000,W,873
147,41680,Oakton-Skokie,2024-12-30T00:00:00.000,W,320
148,41670,Conservatory,2024-12-30T00:00:00.000,W,356
149,41660,Lake/State,2024-12-30T00:00:00.000,W,8185
150,41510,Morgan-Lake,2024-12-30T00:00:00.000,W,2674
151,41500,Montrose-Brown,2024-12-30T00:00:00.000,W,921
152,41490,Harrison,2024-12-30T00:00:00.000,W,1383
153,41480,Western-Brown,2024-12-30T00:00:00.000,W,1641
154,41460,Irving Park-Brown,2024-12-30T00:00:00.000,W,1019
155,41450,Chicago/State,2024-12-30T00:00:00.000,W,6287
156,41440,Addison-Brown,2024-12-30T00:00:00.000,W,809
157,41430,87th,2024-12-30T00:00:00.000,W,1342
158,41420,Addison-North Main,2024-12-30T00:00:00.000,W,3039
159,41410,Chicago/Milwaukee,2024-12-30T00:00:00.000,W,1769
160,41400,Roosevelt,2024-12-30T00:00:00.000,W,5351
161,41380,Bryn Mawr,2024-12-30T00:00:00.000,W,1205
162,41360,California-Lake,2024-12-30T00:00:00.000,W,551
163,41350,Oak Park-Lake,2024-12-30T00:00:00.000,W,556
164,40010,Austin-Forest Park,2024-12-30T00:00:00.000,W,448
165,40020,Harlem-Lake,2024-12-30T00:00:00.000,W,1581
166,40030,Pulaski-Lake,2024-12-30T00:00:00.000,W,664
167,40040,Quincy/Wells,2024-12-30T00:00:00.000,W,3047
168,40050,Davis,2024-12-30T00:00:00.000,W,1350
169,40060,Belmont-O'Hare,2024-12-30T00:00:00.000,W,2485
170,40070,Jackson/Dearborn,2024-12-30T00:00:00.000,W,2087
171,40080,Sheridan,2024-12-30T00:00:00.000,W,1718
172,40090,Damen-Brown,2024-12-30T00:00:00.000,W,963
173,40100,Morse,2024-12-30T00:00:00.000,W,1872
174,40120,35th/Archer,2024-12-30T00:00:00.000,W,1213
175,40130,51st,2024-12-30T00:00:00.000,W,422
176,40140,Dempster-Skokie,2024-12-30T00:00:00.000,W,587
177,40150,Pulaski-Cermak,2024-12-30T00:00:00.000,W,593
178,40160,LaSalle/Van Buren,2024-12-30T00:00:00.000,W,1007
179,40170,Ashland-Lake,2024-12-30T00:00:00.000,W,1062
180,40180,Oak Park-Forest Park,2024-12-30T00:00:00.000,W,336
181,40190,Sox-35th-Dan Ryan,2024-12-30T00:00:00.000,W,1296
182,40210,Damen-Cermak,2024-12-30T00:00:00.000,W,805
183,40220,Western-Forest Park,2024-12-30T00:00:00.000,W,366
184,40230,Cumberland,2024-12-30T00:00:00.000,W,1559
185,40240,79th,2024-12-30T00:00:00.000,W,2521
186,40250,Kedzie-Homan-Forest Park,2024-12-30T00:00:00.000,W,682
187,40260,State/Lake,2024-12-30T00:00:00.000,W,5776
188,40270,Main,2024-12-30T00:00:00.000,W,501
189,40280,Central-Lake,2024-12-30T00:00:00.000,W,1040
190,40290,Ashland/63rd,2024-12-30T00:00:00.000,W,519
191,40300,Indiana,2024-12-30T00:00:00.000,W,300
192,40310,Western-Orange,2024-12-30T00:00:00.000,W,1809
193,40320,Division/Milwaukee,2024-12-30T00:00:00.000,W,2590
194,40330,Grand/State,2024-12-30T00:00:00.000,W,5959
195,40340,Berwyn,2024-12-30T00:00:00.000,W,0
196,40350,UIC-Halsted,2024-12-30T00:00:00.000,W,1079
197,40360,Southport,2024-12-30T00:00:00.000,W,1525
198,40370,Washington/Dearborn,2024-12-30T00:00:00.000,W,5931
199,40380,Clark/Lake,2024-12-30T00:00:00.000,W,6842
200,40390,Forest Park,2024-12-30T00:00:00.000,W,909
201,40400,Noyes,2024-12-30T00:00:00.000,W,190
202,40420,Cicero-Cermak,2024-12-30T00:00:00.000,W,683
203,40430,Clinton-Forest Park,2024-12-30T00:00:00.000,W,1302
204,40440,California-Cermak,2024-12-30T00:00:00.000,W,762
205,40450,95th/Dan Ryan,2024-12-30T00:00:00.000,W,3438
206,40460,Merchandise Mart,2024-12-30T00:00:00.000,W,2170
207,40470,Racine,2024-12-30T00:00:00.000,W,309
208,40480,Cicero-Lake,2024-12-30T00:00:00.000,W,562
209,40490,Grand/Milwaukee,2024-12-30T00:00:00.000,W,1452
210,40510,Garfield-South Elevated,2024-12-30T00:00:00.000,W,542
211,40520,Foster,2024-12-30T00:00:00.000,W,176
212,40530,Diversey,2024-12-30T00:00:00.000,W,2113
213,40540,Wilson,2024-12-30T00:00:00.000,W,3792
214,40550,Irving Park-O'Hare,2024-12-30T00:00:00.000,W,1959
215,40560,Jackson/State,2024-12-30T00:00:00.000,W,2161
216,40570,California/Milwaukee,2024-12-30T00:00:00.000,W,2269
217,40580,54th/Cermak,2024-12-30T00:00:00.000,W,1178
218,40590,Damen/Milwaukee,2024-12-30T00:00:00.000,W,3219
219,40600,Kostner,2024-12-30T00:00:00.000,W,209
220,40610,Ridgeland,2024-12-30T00:00:00.000,W,466
221,40630,Clark/Division,2024-12-30T00:00:00.000,W,3501
222,40650,North/Clybourn,2024-12-30T00:00:00.000,W,2441
223,40660,Armitage,2024-12-30T00:00:00.000,W,1657
224,40670,Western/Milwaukee,2024-12-30T00:00:00.000,W,2179
225,40680,Adams/Wabash,2024-12-30T00:00:00.000,W,2531
226,40690,Dempster,2024-12-30T00:00:00.000,W,370
227,40700,Laramie,2024-12-30T00:00:00.000,W,476
228,40710,Chicago/Franklin,2024-12-30T00:00:00.000,W,2713
229,40720,East 63rd-Cottage Grove,2024-12-30T00:00:00.000,W,440
230,40730,Washington/Wells,2024-12-30T00:00:00.000,W,2684
231,40740,Western-Cermak,2024-12-30T00:00:00.000,W,590
232,40750,Harlem-O'Hare,2024-12-30T00:00:00.000,W,1072
233,40760,Granville,2024-12-30T00:00:00.000,W,1374
234,40770,Lawrence,2024-12-30T00:00:00.000,W,0
235,40780,Central Park,2024-12-30T00:00:00.000,W,523
236,40790,Monroe/Dearborn,2024-12-30T00:00:00.000,W,2446
237,40800,Sedgwick,2024-12-30T00:00:00.000,W,1480
238,40810,Medical Center,2024-12-30T00:00:00.000,W,886
239,40820,Rosemont,2024-12-30T00:00:00.000,W,2885
240,40830,18th,2024-12-30T00:00:00.000,W,930
241,40840,South Boulevard,2024-12-30T00:00:00.000,W,311
242,40850,Library,2024-12-30T00:00:00.000,W,1260
243,40870,Francisco,2024-12-30T00:00:00.000,W,692
244,40880,Thorndale,2024-12-30T00:00:00.000,W,1279
245,40890,O'Hare Airport,2024-12-30T00:00:00.000,W,9111
246,40900,Howard,2024-12-30T00:00:00.000,W,2646
247,40910,63rd-Dan Ryan,2024-12-30T00:00:00.000,W,1053
248,40920,Pulaski-Forest Park,2024-12-30T00:00:00.000,W,554
249,40930,Midway Airport,2024-12-30T00:00:00.000,W,4036
250,40940,Halsted/63rd,2024-12-30T00:00:00.000,W,265
251,40960,Pulaski-Orange,2024-12-30T00:00:00.000,W,2021
252,40970,Cicero-Forest Park,2024-12-30T00:00:00.000,W,484
253,40980,Harlem-Forest Park,2024-12-30T00:00:00.000,W,311
254,40990,69th,2024-12-30T00:00:00.000,W,1647
255,41000,Cermak-Chinatown,2024-12-30T00:00:00.000,W,3319
256,41010,Rockwell,2024-12-30T00:00:00.000,W,677
257,41020,Logan Square,2024-12-30T00:00:00.000,W,3103
258,41030,Polk,2024-12-30T00:00:00.000,W,1311
259,41040,Kedzie-Cermak,2024-12-30T00:00:00.000,W,615
260,41050,Linden,2024-12-30T00:00:00.000,W,345
261,41060,Ashland-Orange,2024-12-30T00:00:00.000,W,849
262,41070,Kedzie-Lake,2024-12-30T00:00:00.000,W,550
263,41080,47th-South Elevated,2024-12-30T00:00:00.000,W,487
264,41090,Monroe/State,2024-12-30T00:00:00.000,W,2981
265,41120,35-Bronzeville-IIT,2024-12-30T00:00:00.000,W,514
266,41130,Halsted-Orange,2024-12-30T00:00:00.000,W,1127
267,41140,King Drive,2024-12-30T00:00:00.000,W,224
268,41150,Kedzie-Midway,2024-12-30T00:00:00.000,W,1611
269,41160,Clinton-Lake,2024-12-30T00:00:00.000,W,1571
270,41170,Garfield-Dan Ryan,2024-12-30T00:00:00.000,W,1230
271,41180,Kedzie-Brown,2024-12-30T00:00:00.000,W,1007
272,41190,Jarvis,2024-12-30T00:00:00.000,W,710
273,41200,Argyle,2024-12-30T00:00:00.000,W,2105
274,41210,Wellington,2024-12-30T00:00:00.000,W,1109
275,41220,Fullerton,2024-12-30T00:00:00.000,W,3639
276,41230,47th-Dan Ryan,2024-12-30T00:00:00.000,W,1122
277,41240,Addison-O'Hare,2024-12-30T00:00:00.000,W,1197
278,41250,Central-Evanston,2024-12-30T00:00:00.000,W,341
279,41260,Austin-Lake,2024-12-30T00:00:00.000,W,767
280,41270,43rd,2024-12-30T00:00:00.000,W,394
281,41280,Jefferson Park,2024-12-30T00:00:00.000,W,3420
282,41290,Kimball,2024-12-30T00:00:00.000,W,2179
283,41300,Loyola,2024-12-30T00:00:00.000,W,1823
284,41310,Paulina,2024-12-30T00:00:00.000,W,1038
285,41320,Belmont-North Main,2024-12-30T00:00:00.000,W,4726
286,41330,Montrose-O'Hare,2024-12-30T00:00:00.000,W,1188
287,41340,LaSalle,2024-12-30T00:00:00.000,W,863
288,41710,Damen-Lake,2024-12-29T00:00:00.000,U,635
289,41700,Washington/Wabash,2024-12-29T00:00:00.000,U,2500
290,41690,Cermak-McCormick Place,2024-12-29T00:00:00.000,U,616
291,41680,Oakton-Skokie,2024-12-29T00:00:00.000,U,130
292,41670,Conservatory,2024-12-29T00:00:00.000,U,333
293,41660,Lake/State,2024-12-29T00:00:00.000,U,4638
294,41510,Morgan-Lake,2024-12-29T00:00:00.000,U,1771
295,41500,Montrose-Brown,2024-12-29T00:00:00.000,U,425
296,41490,Harrison,2024-12-29T00:00:00.000,U,1086
297,41480,Western-Brown,2024-12-29T00:00:00.000,U,857
298,41460,Irving Park-Brown,2024-12-29T00:00:00.000,U,439
299,41450,Chicago/State,2024-12-29T00:00:00.000,U,3647
300,41440,Addison-Brown,2024-12-29T00:00:00.000,U,391
301,41430,87th,2024-12-29T00:00:00.000,U,853
302,41420,Addison-North Main,2024-12-29T00:00:00.000,U,2001
303,41410,Chicago/Milwaukee,2024-12-29T00:00:00.000,U,1001
304,41400,Roosevelt,2024-12-29T00:00:00.000,U,3444
305,41380,Bryn Mawr,2024-12-29T00:00:00.000,U,749
306,41360,California-Lake,2024-12-29T00:00:00.000,U,287
307,41350,Oak Park-Lake,2024-12-29T00:00:00.000,U,252
308,40010,Austin-Forest Park,2024-12-29T00:00:00.000,U,204
309,40020,Harlem-Lake,2024-12-29T00:00:00.000,U,851
310,40030,Pulaski-Lake,2024-12-29T00:00:00.000,U,410
311,40040,Quincy/Wells,2024-12-29T00:00:00.000,U,1075
312,40050,Davis,2024-12-29T00:00:00.000,U,700
313,40060,Belmont-O'Hare,2024-12-29T00:00:00.000,U,1392
314,40070,Jackson/Dearborn,2024-12-29T00:00:00.000,U,1035
315,40080,Sheridan,2024-12-29T00:00:00.000,U,978
316,40090,Damen-Brown,2024-12-29T00:00:00.000,U,521
317,40100,Morse,2024-12-29T00:00:00.000,U,1166
318,40120,35th/Archer,2024-12-29T00:00:00.000,U,584
319,40130,51st,2024-12-29T00:00:00.000,U,262
320,40140,Dempster-Skokie,2024-12-29T00:00:00.000,U,274
321,40150,Pulaski-Cermak,2024-12-29T00:00:00.000,U,341
322,40160,LaSalle/Van Buren,2024-12-29T00:00:00.000,U,247
323,40170,Ashland-Lake,2024-12-29T00:00:00.000,U,591
324,40180,Oak Park-Forest Park,2024-12-29T00:00:00.000,U,141
325,40190,Sox-35th-Dan Ryan,2024-12-29T00:00:00.000,U,682
326,40210,Damen-Cermak,2024-12-29T00:00:00.000,U,443
327,40220,Western-Forest Park,2024-12-29T00:00:00.000,U,201
328,40230,Cumberland,2024-12-29T00:00:00.000,U,793
329,40240,79th,2024-12-29T00:00:00.000,U,1624
330,40250,Kedzie-Homan-Forest Park,2024-12-29T00:00:00.000,U,470
331,40260,State/Lake,2024-12-29T00:00:00.000,U,3583
332,40270,Main,2024-12-29T00:00:00.000,U,295
333,40280,Central-Lake,2024-12-29T00:00:00.000,U,520
334,40290,Ashland/63rd,2024-12-29T00:00:00.000,U,316
335,40300,Indiana,2024-12-29T00:00:00.000,U,155
336,40310,Western-Orange,2024-12-29T00:00:00.000,U,846
337,40320,Division/Milwaukee,2024-12-29T00:00:00.000,U,1337
338,40330,Grand/State,2024-12-29T00:00:00.000,U,4354
339,40340,Berwyn,2024-12-29T00:00:00.000,U,0
340,40350,UIC-Halsted,2024-12-29T00:00:00.000,U,596
341,40360,Southport,2024-12-29T00:00:00.000,U,807
342,40370,Washington/Dearborn,2024-12-29T00:00:00.000,U,2808
343,40380,Clark/Lake,2024-12-29T00:00:00.000,U,3117
344,40390,Forest Park,2024-12-29T00:00:00.000,U,429
345,40400,Noyes,2024-12-29T00:00:00.000,U,72
346,40420,Cicero-Cermak,2024-12-29T00:00:00.000,U,406
347,40430,Clinton-Forest Park,2024-12-29T00:00:00.000,U,828
348,40440,California-Cermak,2024-12-29T00:00:00.000,U,403
349,40450,95th/Dan Ryan,2024-12-29T00:00:00.000,U,2088
350,40460,Merchandise Mart,2024-12-29T00:00:00.000,U,759
351,40470,Racine,2024-12-29T00:00:00.000,U,142
352,40480,Cicero-Lake,2024-12-29T00:00:00.000,U,370
353,40490,Grand/Milwaukee,2024-12-29T00:00:00.000,U,948
354,40510,Garfield-South Elevated,2024-12-29T00:00:00.000,U,289
355,40520,Foster,2024-12-29T00:00:00.000,U,120
356,40530,Diversey,2024-12-29T00:00:00.000,U,880
357,40540,Wilson,2024-12-29T00:00:00.000,U,2196
358,40550,Irving Park-O'Hare,2024-12-29T00:00:00.000,U,1136
359,40560,Jackson/State,2024-12-29T00:00:00.000,U,1182
360,40570,California/Milwaukee,2024-12-29T00:00:00.000,U,1225
361,40580,54th/Cermak,2024-12-29T00:00:00.000,U,550
362,40590,Damen/Milwaukee,2024-12-29T00:00:00.000,U,1773
363,40600,Kostner,2024-12-29T00:00:00.000,U,117
364,40610,Ridgeland,2024-12-29T00:00:00.000,U,176
365,40630,Clark/Division,2024-12-29T00:00:00.000,U,2120
366,40650,North/Clybourn,2024-12-29T00:00:00.000,U,1476
367,40660,Armitage,2024-12-29T00:00:00.000,U,723
368,40670,Western/Milwaukee,2024-12-29T00:00:00.000,U,1181
369,40680,Adams/Wabash,2024-12-29T00:00:00.000,U,1226
370,40690,Dempster,2024-12-29T00:00:00.000,U,229
371,40700,Laramie,2024-12-29T00:00:00.000,U,321
372,40710,Chicago/Franklin,2024-12-29T00:00:00.000,U,1210
373,40720,East 63rd-Cottage Grove,2024-12-29T00:00:00.000,U,270
374,40730,Washington/Wells,2024-12-29T00:00:00.000,U,635
375,40740,Western-Cermak,2024-12-29T00:00:00.000,U,319
376,40750,Harlem-O'Hare,2024-12-29T00:00:00.000,U,563
377,40760,Granville,2024-12-29T00:00:00.000,U,851
378,40770,Lawrence,2024-12-29T00:00:00.000,U,0
379,40780,Central Park,2024-12-29T00:00:00.000,U,322
380,40790,Monroe/Dearborn,2024-12-29T00:00:00.000,U,934
381,40800,Sedgwick,2024-12-29T00:00:00.000,U,833
382,40810,Medical Center,2024-12-29T00:00:00.000,U,457
383,40820,Rosemont,2024-12-29T00:00:00.000,U,1761
384,40830,18th,2024-12-29T00:00:00.000,U,620
385,40840,South Boulevard,2024-12-29T00:00:00.000,U,169
386,40850,Library,2024-12-29T00:00:00.000,U,683
387,40870,Francisco,2024-12-29T00:00:00.000,U,353
388,40880,Thorndale,2024-12-29T00:00:00.000,U,788
389,40890,O'Hare Airport,2024-12-29T00:00:00.000,U,8138
390,40900,Howard,2024-12-29T00:00:00.000,U,1651
391,40910,63rd-Dan Ryan,2024-12-29T00:00:00.000,U,675
392,40920,Pulaski-Forest Park,2024-12-29T00:00:00.000,U,392
393,40930,Midway Airport,2024-12-29T00:00:00.000,U,1995
394,40940,Halsted/63rd,2024-12-29T00:00:00.000,U,140
395,40960,Pulaski-Orange,2024-12-29T00:00:00.000,U,848
396,40970,Cicero-Forest Park,2024-12-29T00:00:00.000,U,246
397,40980,Harlem-Forest Park,2024-12-29T00:00:00.000,U,154
398,40990,69th,2024-12-29T00:00:00.000,U,1023
399,41000,Cermak-Chinatown,2024-12-29T00:00:00.000,U,2197
400,41010,Rockwell,2024-12-29T00:00:00.000,U,321
401,41020,Logan Square,2024-12-29T00:00:00.000,U,1642
402,41030,Polk,2024-12-29T00:00:00.000,U,310
403,41040,Kedzie-Cermak,2024-12-29T00:00:00.000,U,325
404,41050,Linden,2024-12-29T00:00:00.000,U,176
405,41060,Ashland-Orange,2024-12-29T00:00:00.000,U,400
406,41070,Kedzie-Lake,2024-12-29T00:00:00.000,U,261
407,41080,47th-South Elevated,2024-12-29T00:00:00.000,U,272
408,41090,Monroe/State,2024-12-29T00:00:00.000,U,1564
409,41120,35-Bronzeville-IIT,2024-12-29T00:00:00.000,U,270
410,41130,Halsted-Orange,2024-12-29T00:00:00.000,U,482
411,41140,King Drive,2024-12-29T00:00:00.000,U,126
412,41150,Kedzie-Midway,2024-12-29T00:00:00.000,U,733
413,41160,Clinton-Lake,2024-12-29T00:00:00.000,U,835
414,41170,Garfield-Dan Ryan,2024-12-29T00:00:00.000,U,767
415,41180,Kedzie-Brown,2024-12-29T00:00:00.000,U,658
416,41190,Jarvis,2024-12-29T00:00:00.000,U,490
417,41200,Argyle,2024-12-29T00:00:00.000,U,1288
418,41210,Wellington,2024-12-29T00:00:00.000,U,427
419,41220,Fullerton,2024-12-29T00:00:00.000,U,2013
420,41230,47th-Dan Ryan,2024-12-29T00:00:00.000,U,667
421,41240,Addison-O'Hare,2024-12-29T00:00:00.000,U,591
422,41250,Central-Evanston,2024-12-29T00:00:00.000,U,188
423,41260,Austin-Lake,2024-12-29T00:00:00.000,U,393
424,41270,43rd,2024-12-29T00:00:00.000,U,243
425,41280,Jefferson Park,2024-12-29T00:00:00.000,U,1907
426,41290,Kimball,2024-12-29T00:00:00.000,U,1397
427,41300,Loyola,2024-12-29T00:00:00.000,U,1133
428,41310,Paulina,2024-12-29T00:00:00.000,U,580
429,41320,Belmont-North Main,2024-12-29T00:00:00.000,U,2817
430,41330,Montrose-O'Hare,2024-12-29T00:00:00.000,U,678
431,41340,LaSalle,2024-12-29T00:00:00.000,U,507
432,41710,Damen-Lake,2024-12-28T00:00:00.000,A,1082
433,41700,Washington/Wabash,2024-12-28T00:00:00.000,A,4485
434,41690,Cermak-McCormick Place,2024-12-28T00:00:00.000,A,834
435,41680,Oakton-Skokie,2024-12-28T00:00:00.000,A,207
436,41670,Conservatory,2024-12-28T00:00:00.000,A,421
437,41660,Lake/State,2024-12-28T00:00:00.000,A,6551
438,41510,Morgan-Lake,2024-12-28T00:00:00.000,A,2456
439,41500,Montrose-Brown,2024-12-28T00:00:00.000,A,672
440,41490,Harrison,2024-12-28T00:00:00.000,A,1278
441,41480,Western-Brown,2024-12-28T00:00:00.000,A,1336
442,41460,Irving Park-Brown,2024-12-28T00:00:00.000,A,740
443,41450,Chicago/State,2024-12-28T00:00:00.000,A,5286
444,41440,Addison-Brown,2024-12-28T00:00:00.000,A,517
445,41430,87th,2024-12-28T00:00:00.000,A,1164
446,41420,Addison-North Main,2024-12-28T00:00:00.000,A,2652
447,41410,Chicago/Milwaukee,2024-12-28T00:00:00.000,A,1479
448,41400,Roosevelt,2024-12-28T00:00:00.000,A,4641
449,41380,Bryn Mawr,2024-12-28T00:00:00.000,A,960
450,41360,California-Lake,2024-12-28T00:00:00.000,A,367
451,41350,Oak Park-Lake,2024-12-28T00:00:00.000,A,377
452,40010,Austin-Forest Park,2024-12-28T00:00:00.000,A,282
453,40020,Harlem-Lake,2024-12-28T00:00:00.000,A,1281
454,40030,Pulaski-Lake,2024-12-28T00:00:00.000,A,559
455,40040,Quincy/Wells,2024-12-28T00:00:00.000,A,1595
456,40050,Davis,2024-12-28T00:00:00.000,A,932
457,40060,Belmont-O'Hare,2024-12-28T00:00:00.000,A,2066
458,40070,Jackson/Dearborn,2024-12-28T00:00:00.000,A,1379
459,40080,Sheridan,2024-12-28T00:00:00.000,A,1341
460,40090,Damen-Brown,2024-12-28T00:00:00.000,A,787
461,40100,Morse,2024-12-28T00:00:00.000,A,1587
462,40120,35th/Archer,2024-12-28T00:00:00.000,A,861
463,40130,51st,2024-12-28T00:00:00.000,A,337
464,40140,Dempster-Skokie,2024-12-28T00:00:00.000,A,453
465,40150,Pulaski-Cermak,2024-12-28T00:00:00.000,A,468
466,40160,LaSalle/Van Buren,2024-12-28T00:00:00.000,A,352
467,40170,Ashland-Lake,2024-12-28T00:00:00.000,A,1013
468,40180,Oak Park-Forest Park,2024-12-28T00:00:00.000,A,201
469,40190,Sox-35th-Dan Ryan,2024-12-28T00:00:00.000,A,903
470,40210,Damen-Cermak,2024-12-28T00:00:00.000,A,582
471,40220,Western-Forest Park,2024-12-28T00:00:00.000,A,309
472,40230,Cumberland,2024-12-28T00:00:00.000,A,1128
473,40240,79th,2024-12-28T00:00:00.000,A,2100
474,40250,Kedzie-Homan-Forest Park,2024-12-28T00:00:00.000,A,501
475,40260,State/Lake,2024-12-28T00:00:00.000,A,5598
476,40270,Main,2024-12-28T00:00:00.000,A,394
477,40280,Central-Lake,2024-12-28T00:00:00.000,A,783
478,40290,Ashland/63rd,2024-12-28T00:00:00.000,A,404
479,40300,Indiana,2024-12-28T00:00:00.000,A,226
480,40310,Western-Orange,2024-12-28T00:00:00.000,A,1332
481,40320,Division/Milwaukee,2024-12-28T00:00:00.000,A,1973
482,40330,Grand/State,2024-12-28T00:00:00.000,A,5519
483,40340,Berwyn,2024-12-28T00:00:00.000,A,0
484,40350,UIC-Halsted,2024-12-28T00:00:00.000,A,849
485,40360,Southport,2024-12-28T00:00:00.000,A,1244
486,40370,Washington/Dearborn,2024-12-28T00:00:00.000,A,4293
487,40380,Clark/Lake,2024-12-28T00:00:00.000,A,4320
488,40390,Forest Park,2024-12-28T00:00:00.000,A,571
489,40400,Noyes,2024-12-28T00:00:00.000,A,140
490,40420,Cicero-Cermak,2024-12-28T00:00:00.000,A,672
491,40430,Clinton-Forest Park,2024-12-28T00:00:00.000,A,822
492,40440,California-Cermak,2024-12-28T00:00:00.000,A,609
493,40450,95th/Dan Ryan,2024-12-28T00:00:00.000,A,2734
494,40460,Merchandise Mart,2024-12-28T00:00:00.000,A,1208
495,40470,Racine,2024-12-28T00:00:00.000,A,264
496,40480,Cicero-Lake,2024-12-28T00:00:00.000,A,482
497,40490,Grand/Milwaukee,2024-12-28T00:00:00.000,A,1228
498,40510,Garfield-South Elevated,2024-12-28T00:00:00.000,A,388
499,40520,Foster,2024-12-28T00:00:00.000,A,134
500,40530,Diversey,2024-12-28T00:00:00.000,A,1272
501,40540,Wilson,2024-12-28T00:00:00.000,A,3055
502,40550,Irving Park-O'Hare,2024-12-28T00:00:00.000,A,1474
503,40560,Jackson/State,2024-12-28T00:00:00.000,A,1575
504,40570,California/Milwaukee,2024-12-28T00:00:00.000,A,1868
505,40580,54th/Cermak,2024-12-28T00:00:00.000,A,896
506,40590,Damen/Milwaukee,2024-12-28T00:00:00.000,A,2873
507,40600,Kostner,2024-12-28T00:00:00.000,A,169
508,40610,Ridgeland,2024-12-28T00:00:00.000,A,288
509,40630,Clark/Division,2024-12-28T00:00:00.000,A,2809
510,40650,North/Clybourn,2024-12-28T00:00:00.000,A,2086
511,40660,Armitage,2024-12-28T00:00:00.000,A,1090
512,40670,Western/Milwaukee,2024-12-28T00:00:00.000,A,1673
513,40680,Adams/Wabash,2024-12-28T00:00:00.000,A,1798
514,40690,Dempster,2024-12-28T00:00:00.000,A,272
515,40700,Laramie,2024-12-28T00:00:00.000,A,362
516,40710,Chicago/Franklin,2024-12-28T00:00:00.000,A,1700
517,40720,East 63rd-Cottage Grove,2024-12-28T00:00:00.000,A,358
518,40730,Washington/Wells,2024-12-28T00:00:00.000,A,797
519,40740,Western-Cermak,2024-12-28T00:00:00.000,A,486
520,40750,Harlem-O'Hare,2024-12-28T00:00:00.000,A,767
521,40760,Granville,2024-12-28T00:00:00.000,A,1186
522,40770,Lawrence,2024-12-28T00:00:00.000,A,0
523,40780,Central Park,2024-12-28T00:00:00.000,A,475
524,40790,Monroe/Dearborn,2024-12-28T00:00:00.000,A,1161
525,40800,Sedgwick,2024-12-28T00:00:00.000,A,1144
526,40810,Medical Center,2024-12-28T00:00:00.000,A,632
527,40820,Rosemont,2024-12-28T00:00:00.000,A,2373
528,40830,18th,2024-12-28T00:00:00.000,A,923
529,40840,South Boulevard,2024-12-28T00:00:00.000,A,172
530,40850,Library,2024-12-28T00:00:00.000,A,945
531,40870,Francisco,2024-12-28T00:00:00.000,A,507
532,40880,Thorndale,2024-12-28T00:00:00.000,A,1032
533,40890,O'Hare Airport,2024-12-28T00:00:00.000,A,8815
534,40900,Howard,2024-12-28T00:00:00.000,A,2134
535,40910,63rd-Dan Ryan,2024-12-28T00:00:00.000,A,893
536,40920,Pulaski-Forest Park,2024-12-28T00:00:00.000,A,469
537,40930,Midway Airport,2024-12-28T00:00:00.000,A,2858
538,40940,Halsted/63rd,2024-12-28T00:00:00.000,A,210
539,40960,Pulaski-Orange,2024-12-28T00:00:00.000,A,1493
540,40970,Cicero-Forest Park,2024-12-28T00:00:00.000,A,363
541,40980,Harlem-Forest Park,2024-12-28T00:00:00.000,A,240
542,40990,69th,2024-12-28T00:00:00.000,A,1415
543,41000,Cermak-Chinatown,2024-12-28T00:00:00.000,A,3452
544,41010,Rockwell,2024-12-28T00:00:00.000,A,511
545,41020,Logan Square,2024-12-28T00:00:00.000,A,2349
546,41030,Polk,2024-12-28T00:00:00.000,A,491
547,41040,Kedzie-Cermak,2024-12-28T00:00:00.000,A,474
548,41050,Linden,2024-12-28T00:00:00.000,A,241
549,41060,Ashland-Orange,2024-12-28T00:00:00.000,A,651
550,41070,Kedzie-Lake,2024-12-28T00:00:00.000,A,377
551,41080,47th-South Elevated,2024-12-28T00:00:00.000,A,394
552,41090,Monroe/State,2024-12-28T00:00:00.000,A,2243
553,41120,35-Bronzeville-IIT,2024-12-28T00:00:00.000,A,384
554,41130,Halsted-Orange,2024-12-28T00:00:00.000,A,795
555,41140,King Drive,2024-12-28T00:00:00.000,A,164
556,41150,Kedzie-Midway,2024-12-28T00:00:00.000,A,1155
557,41160,Clinton-Lake,2024-12-28T00:00:00.000,A,1049
558,41170,Garfield-Dan Ryan,2024-12-28T00:00:00.000,A,1061
559,41180,Kedzie-Brown,2024-12-28T00:00:00.000,A,901
560,41190,Jarvis,2024-12-28T00:00:00.000,A,613
561,41200,Argyle,2024-12-28T00:00:00.000,A,1727
562,41210,Wellington,2024-12-28T00:00:00.000,A,670
563,41220,Fullerton,2024-12-28T00:00:00.000,A,2903
564,41230,47th-Dan Ryan,2024-12-28T00:00:00.000,A,933
565,41240,Addison-O'Hare,2024-12-28T00:00:00.000,A,924
566,41250,Central-Evanston,2024-12-28T00:00:00.000,A,216
567,41260,Austin-Lake,2024-12-28T00:00:00.000,A,517
568,41270,43rd,2024-12-28T00:00:00.000,A,277
569,41280,Jefferson Park,2024-12-28T00:00:00.000,A,2721
570,41290,Kimball,2024-12-28T00:00:00.000,A,1795
571,41300,Loyola,2024-12-28T00:00:00.000,A,1494
572,41310,Paulina,2024-12-28T00:00:00.000,A,815
573,41320,Belmont-North Main,2024-12-28T00:00:00.000,A,3984
574,41330,Montrose-O'Hare,2024-12-28T00:00:00.000,A,804
575,41340,LaSalle,2024-12-28T00:00:00.000,A,591
576,41710,Damen-Lake,2024-12-27T00:00:00.000,W,383
577,41700,Washington/Wabash,2024-12-27T00:00:00.000,W,4360
578,41690,Cermak-McCormick Place,2024-12-27T00:00:00.000,W,785
579,41680,Oakton-Skokie,2024-12-27T00:00:00.000,W,297
580,41670,Conservatory,2024-12-27T00:00:00.000,W,505
581,41660,Lake/State,2024-12-27T00:00:00.000,W,7058
582,41510,Morgan-Lake,2024-12-27T00:00:00.000,W,2336
583,41500,Montrose-Brown,2024-12-27T00:00:00.000,W,841
584,41490,Harrison,2024-12-27T00:00:00.000,W,1270
585,41480,Western-Brown,2024-12-27T00:00:00.000,W,1435
586,41460,Irving Park-Brown,2024-12-27T00:00:00.000,W,848
587,41450,Chicago/State,2024-12-27T00:00:00.000,W,5367
588,41440,Addison-Brown,2024-12-27T00:00:00.000,W,602
589,41430,87th,2024-12-27T00:00:00.000,W,1332
590,41420,Addison-North Main,2024-12-27T00:00:00.000,W,2272
591,41410,Chicago/Milwaukee,2024-12-27T00:00:00.000,W,1528
592,41400,Roosevelt,2024-12-27T00:00:00.000,W,5159
593,41380,Bryn Mawr,2024-12-27T00:00:00.000,W,999
594,41360,California-Lake,2024-12-27T00:00:00.000,W,489
595,41350,Oak Park-Lake,2024-12-27T00:00:00.000,W,452
596,40010,Austin-Forest Park,2024-12-27T00:00:00.000,W,374
597,40020,Harlem-Lake,2024-12-27T00:00:00.000,W,1511
598,40030,Pulaski-Lake,2024-12-27T00:00:00.000,W,679
599,40040,Quincy/Wells,2024-12-27T00:00:00.000,W,1871
600,40050,Davis,2024-12-27T00:00:00.000,W,1104
601,40060,Belmont-O'Hare,2024-12-27T00:00:00.000,W,2251
602,40070,Jackson/Dearborn,2024-12-27T00:00:00.000,W,1798
603,40080,Sheridan,2024-12-27T00:00:00.000,W,1364
604,40090,Damen-Brown,2024-12-27T00:00:00.000,W,828
605,40100,Morse,2024-12-27T00:00:00.000,W,1681
606,40120,35th/Archer,2024-12-27T00:00:00.000,W,1119
607,40130,51st,2024-12-27T00:00:00.000,W,402
608,40140,Dempster-Skokie,2024-12-27T00:00:00.000,W,505
609,40150,Pulaski-Cermak,2024-12-27T00:00:00.000,W,588
610,40160,LaSalle/Van Buren,2024-12-27T00:00:00.000,W,740
611,40170,Ashland-Lake,2024-12-27T00:00:00.000,W,872
612,40180,Oak Park-Forest Park,2024-12-27T00:00:00.000,W,235
613,40190,Sox-35th-Dan Ryan,2024-12-27T00:00:00.000,W,1149
614,40210,Damen-Cermak,2024-12-27T00:00:00.000,W,782
615,40220,Western-Forest Park,2024-12-27T00:00:00.000,W,361
616,40230,Cumberland,2024-12-27T00:00:00.000,W,1337
617,40240,79th,2024-12-27T00:00:00.000,W,2451
618,40250,Kedzie-Homan-Forest Park,2024-12-27T00:00:00.000,W,605
619,40260,State/Lake,2024-12-27T00:00:00.000,W,4930
620,40270,Main,2024-12-27T00:00:00.000,W,398
621,40280,Central-Lake,2024-12-27T00:00:00.000,W,960
622,40290,Ashland/63rd,2024-12-27T00:00:00.000,W,515
623,40300,Indiana,2024-12-27T00:00:00.000,W,278
624,40310,Western-Orange,2024-12-27T00:00:00.000,W,1681
625,40320,Division/Milwaukee,2024-12-27T00:00:00.000,W,2072
626,40330,Grand/State,2024-12-27T00:00:00.000,W,5007
627,40340,Berwyn,2024-12-27T00:00:00.000,W,0
628,40350,UIC-Halsted,2024-12-27T00:00:00.000,W,895
629,40360,Southport,2024-12-27T00:00:00.000,W,1014
630,40370,Washington/Dearborn,2024-12-27T00:00:00.000,W,4704
631,40380,Clark/Lake,2024-12-27T00:00:00.000,W,5313
632,40390,Forest Park,2024-12-27T00:00:00.000,W,824
633,40400,Noyes,2024-12-27T00:00:00.000,W,156
634,40420,Cicero-Cermak,2024-12-27T00:00:00.000,W,715
635,40430,Clinton-Forest Park,2024-12-27T00:00:00.000,W,1151
636,40440,California-Cermak,2024-12-27T00:00:00.000,W,712
637,40450,95th/Dan Ryan,2024-12-27T00:00:00.000,W,3509
638,40460,Merchandise Mart,2024-12-27T00:00:00.000,W,1347
639,40470,Racine,2024-12-27T00:00:00.000,W,262
640,40480,Cicero-Lake,2024-12-27T00:00:00.000,W,558
641,40490,Grand/Milwaukee,2024-12-27T00:00:00.000,W,1270
642,40510,Garfield-South Elevated,2024-12-27T00:00:00.000,W,483
643,40520,Foster,2024-12-27T00:00:00.000,W,174
644,40530,Diversey,2024-12-27T00:00:00.000,W,1386
645,40540,Wilson,2024-12-27T00:00:00.000,W,3261
646,40550,Irving Park-O'Hare,2024-12-27T00:00:00.000,W,1827
647,40560,Jackson/State,2024-12-27T00:00:00.000,W,1787
648,40570,California/Milwaukee,2024-12-27T00:00:00.000,W,1886
649,40580,54th/Cermak,2024-12-27T00:00:00.000,W,1092
650,40590,Damen/Milwaukee,2024-12-27T00:00:00.000,W,2539
651,40600,Kostner,2024-12-27T00:00:00.000,W,224
652,40610,Ridgeland,2024-12-27T00:00:00.000,W,402
653,40630,Clark/Division,2024-12-27T00:00:00.000,W,2731
654,40650,North/Clybourn,2024-12-27T00:00:00.000,W,1967
655,40660,Armitage,2024-12-27T00:00:00.000,W,1118
656,40670,Western/Milwaukee,2024-12-27T00:00:00.000,W,1840
657,40680,Adams/Wabash,2024-12-27T00:00:00.000,W,2194
658,40690,Dempster,2024-12-27T00:00:00.000,W,313
659,40700,Laramie,2024-12-27T00:00:00.000,W,510
660,40710,Chicago/Franklin,2024-12-27T00:00:00.000,W,2056
661,40720,East 63rd-Cottage Grove,2024-12-27T00:00:00.000,W,448
662,40730,Washington/Wells,2024-12-27T00:00:00.000,W,1851
663,40740,Western-Cermak,2024-12-27T00:00:00.000,W,558
664,40750,Harlem-O'Hare,2024-12-27T00:00:00.000,W,1029
665,40760,Granville,2024-12-27T00:00:00.000,W,1188
666,40770,Lawrence,2024-12-27T00:00:00.000,W,0
667,40780,Central Park,2024-12-27T00:00:00.000,W,513
668,40790,Monroe/Dearborn,2024-12-27T00:00:00.000,W,1583
669,40800,Sedgwick,2024-12-27T00:00:00.000,W,1115
670,40810,Medical Center,2024-12-27T00:00:00.000,W,735
671,40820,Rosemont,2024-12-27T00:00:00.000,W,2853
672,40830,18th,2024-12-27T00:00:00.000,W,862
673,40840,South Boulevard,2024-12-27T00:00:00.000,W,263
674,40850,Library,2024-12-27T00:00:00.000,W,1004
675,40870,Francisco,2024-12-27T00:00:00.000,W,577
676,40880,Thorndale,2024-12-27T00:00:00.000,W,1148
677,40890,O'Hare Airport,2024-12-27T00:00:00.000,W,9666
678,40900,Howard,2024-12-27T00:00:00.000,W,2401
679,40910,63rd-Dan Ryan,2024-12-27T00:00:00.000,W,1027
680,40920,Pulaski-Forest Park,2024-12-27T00:00:00.000,W,536
681,40930,Midway Airport,2024-12-27T00:00:00.000,W,3652
682,40940,Halsted/63rd,2024-12-27T00:00:00.000,W,272
683,40960,Pulaski-Orange,2024-12-27T00:00:00.000,W,1972
684,40970,Cicero-Forest Park,2024-12-27T00:00:00.000,W,476
685,40980,Harlem-Forest Park,2024-12-27T00:00:00.000,W,293
686,40990,69th,2024-12-27T00:00:00.000,W,1631
687,41000,Cermak-Chinatown,2024-12-27T00:00:00.000,W,2541
688,41010,Rockwell,2024-12-27T00:00:00.000,W,535
689,41020,Logan Square,2024-12-27T00:00:00.000,W,2648
690,41030,Polk,2024-12-27T00:00:00.000,W,1096
691,41040,Kedzie-Cermak,2024-12-27T00:00:00.000,W,582
692,41050,Linden,2024-12-27T00:00:00.000,W,316
693,41060,Ashland-Orange,2024-12-27T00:00:00.000,W,826
694,41070,Kedzie-Lake,2024-12-27T00:00:00.000,W,477
695,41080,47th-South Elevated,2024-12-27T00:00:00.000,W,440
696,41090,Monroe/State,2024-12-27T00:00:00.000,W,2412
697,41120,35-Bronzeville-IIT,2024-12-27T00:00:00.000,W,488
698,41130,Halsted-Orange,2024-12-27T00:00:00.000,W,968
699,41140,King Drive,2024-12-27T00:00:00.000,W,204
700,41150,Kedzie-Midway,2024-12-27T00:00:00.000,W,1553
701,41160,Clinton-Lake,2024-12-27T00:00:00.000,W,1356
702,41170,Garfield-Dan Ryan,2024-12-27T00:00:00.000,W,1330
703,41180,Kedzie-Brown,2024-12-27T00:00:00.000,W,988
704,41190,Jarvis,2024-12-27T00:00:00.000,W,645
705,41200,Argyle,2024-12-27T00:00:00.000,W,1767
706,41210,Wellington,2024-12-27T00:00:00.000,W,718
707,41220,Fullerton,2024-12-27T00:00:00.000,W,2637
708,41230,47th-Dan Ryan,2024-12-27T00:00:00.000,W,1081
709,41240,Addison-O'Hare,2024-12-27T00:00:00.000,W,1070
710,41250,Central-Evanston,2024-12-27T00:00:00.000,W,314
711,41260,Austin-Lake,2024-12-27T00:00:00.000,W,653
712,41270,43rd,2024-12-27T00:00:00.000,W,360
713,41280,Jefferson Park,2024-12-27T00:00:00.000,W,3250
714,41290,Kimball,2024-12-27T00:00:00.000,W,2039
715,41300,Loyola,2024-12-27T00:00:00.000,W,1570
716,41310,Paulina,2024-12-27T00:00:00.000,W,788
717,41320,Belmont-North Main,2024-12-27T00:00:00.000,W,3703
718,41330,Montrose-O'Hare,2024-12-27T00:00:00.000,W,1082
719,41340,LaSalle,2024-12-27T00:00:00.000,W,743
720,41710,Damen-Lake,2024-12-26T00:00:00.000,W,367
721,41700,Washington/Wabash,2024-12-26T00:00:00.000,W,4569
722,41690,Cermak-McCormick Place,2024-12-26T00:00:00.000,W,753
723,41680,Oakton-Skokie,2024-12-26T00:00:00.000,W,301
724,41670,Conservatory,2024-12-26T00:00:00.000,W,393
725,41660,Lake/State,2024-12-26T00:00:00.000,W,6129
726,41510,Morgan-Lake,2024-12-26T00:00:00.000,W,1927
727,41500,Montrose-Brown,2024-12-26T00:00:00.000,W,697
728,41490,Harrison,2024-12-26T00:00:00.000,W,1097
729,41480,Western-Brown,2024-12-26T00:00:00.000,W,1132
730,41460,Irving Park-Brown,2024-12-26T00:00:00.000,W,739
731,41450,Chicago/State,2024-12-26T00:00:00.000,W,4544
732,41440,Addison-Brown,2024-12-26T00:00:00.000,W,516
733,41430,87th,2024-12-26T00:00:00.000,W,1275
734,41420,Addison-North Main,2024-12-26T00:00:00.000,W,1899
735,41410,Chicago/Milwaukee,2024-12-26T00:00:00.000,W,1320
736,41400,Roosevelt,2024-12-26T00:00:00.000,W,6973
737,41380,Bryn Mawr,2024-12-26T00:00:00.000,W,969
738,41360,California-Lake,2024-12-26T00:00:00.000,W,440
739,41350,Oak Park-Lake,2024-12-26T00:00:00.000,W,495
740,40010,Austin-Forest Park,2024-12-26T00:00:00.000,W,375
741,40020,Harlem-Lake,2024-12-26T00:00:00.000,W,1573
742,40030,Pulaski-Lake,2024-12-26T00:00:00.000,W,652
743,40040,Quincy/Wells,2024-12-26T00:00:00.000,W,1837
744,40050,Davis,2024-12-26T00:00:00.000,W,907
745,40060,Belmont-O'Hare,2024-12-26T00:00:00.000,W,2100
746,40070,Jackson/Dearborn,2024-12-26T00:00:00.000,W,1583
747,40080,Sheridan,2024-12-26T00:00:00.000,W,1167
748,40090,Damen-Brown,2024-12-26T00:00:00.000,W,738
749,40100,Morse,2024-12-26T00:00:00.000,W,1470
750,40120,35th/Archer,2024-12-26T00:00:00.000,W,1113
751,40130,51st,2024-12-26T00:00:00.000,W,348
752,40140,Dempster-Skokie,2024-12-26T00:00:00.000,W,546
753,40150,Pulaski-Cermak,2024-12-26T00:00:00.000,W,559
754,40160,LaSalle/Van Buren,2024-12-26T00:00:00.000,W,685
755,40170,Ashland-Lake,2024-12-26T00:00:00.000,W,724
756,40180,Oak Park-Forest Park,2024-12-26T00:00:00.000,W,256
757,40190,Sox-35th-Dan Ryan,2024-12-26T00:00:00.000,W,1070
758,40210,Damen-Cermak,2024-12-26T00:00:00.000,W,745
759,40220,Western-Forest Park,2024-12-26T00:00:00.000,W,365
760,40230,Cumberland,2024-12-26T00:00:00.000,W,1426
761,40240,79th,2024-12-26T00:00:00.000,W,2198
762,40250,Kedzie-Homan-Forest Park,2024-12-26T00:00:00.000,W,620
763,40260,State/Lake,2024-12-26T00:00:00.000,W,4363
764,40270,Main,2024-12-26T00:00:00.000,W,364
765,40280,Central-Lake,2024-12-26T00:00:00.000,W,929
766,40290,Ashland/63rd,2024-12-26T00:00:00.000,W,467
767,40300,Indiana,2024-12-26T00:00:00.000,W,269
768,40310,Western-Orange,2024-12-26T00:00:00.000,W,1585
769,40320,Division/Milwaukee,2024-12-26T00:00:00.000,W,1689
770,40330,Grand/State,2024-12-26T00:00:00.000,W,4290
771,40340,Berwyn,2024-12-26T00:00:00.000,W,0
772,40350,UIC-Halsted,2024-12-26T00:00:00.000,W,844
773,40360,Southport,2024-12-26T00:00:00.000,W,896
774,40370,Washington/Dearborn,2024-12-26T00:00:00.000,W,4406
775,40380,Clark/Lake,2024-12-26T00:00:00.000,W,4842
776,40390,Forest Park,2024-12-26T00:00:00.000,W,791
777,40400,Noyes,2024-12-26T00:00:00.000,W,117
778,40420,Cicero-Cermak,2024-12-26T00:00:00.000,W,611
779,40430,Clinton-Forest Park,2024-12-26T00:00:00.000,W,1072
780,40440,California-Cermak,2024-12-26T00:00:00.000,W,663
781,40450,95th/Dan Ryan,2024-12-26T00:00:00.000,W,3156
782,40460,Merchandise Mart,2024-12-26T00:00:00.000,W,1282
783,40470,Racine,2024-12-26T00:00:00.000,W,235
784,40480,Cicero-Lake,2024-12-26T00:00:00.000,W,518
785,40490,Grand/Milwaukee,2024-12-26T00:00:00.000,W,1051
786,40510,Garfield-South Elevated,2024-12-26T00:00:00.000,W,451
787,40520,Foster,2024-12-26T00:00:00.000,W,137
788,40530,Diversey,2024-12-26T00:00:00.000,W,1135
789,40540,Wilson,2024-12-26T00:00:00.000,W,2974
790,40550,Irving Park-O'Hare,2024-12-26T00:00:00.000,W,1667
791,40560,Jackson/State,2024-12-26T00:00:00.000,W,1673
792,40570,California/Milwaukee,2024-12-26T00:00:00.000,W,1681
793,40580,54th/Cermak,2024-12-26T00:00:00.000,W,986
794,40590,Damen/Milwaukee,2024-12-26T00:00:00.000,W,2094
795,40600,Kostner,2024-12-26T00:00:00.000,W,189
796,40610,Ridgeland,2024-12-26T00:00:00.000,W,420
797,40630,Clark/Division,2024-12-26T00:00:00.000,W,2389
798,40650,North/Clybourn,2024-12-26T00:00:00.000,W,1879
799,40660,Armitage,2024-12-26T00:00:00.000,W,899
800,40670,Western/Milwaukee,2024-12-26T00:00:00.000,W,1549
801,40680,Adams/Wabash,2024-12-26T00:00:00.000,W,1982
802,40690,Dempster,2024-12-26T00:00:00.000,W,247
803,40700,Laramie,2024-12-26T00:00:00.000,W,454
804,40710,Chicago/Franklin,2024-12-26T00:00:00.000,W,1846
805,40720,East 63rd-Cottage Grove,2024-12-26T00:00:00.000,W,411
806,40730,Washington/Wells,2024-12-26T00:00:00.000,W,1732
807,40740,Western-Cermak,2024-12-26T00:00:00.000,W,479
808,40750,Harlem-O'Hare,2024-12-26T00:00:00.000,W,921
809,40760,Granville,2024-12-26T00:00:00.000,W,1080
810,40770,Lawrence,2024-12-26T00:00:00.000,W,0
811,40780,Central Park,2024-12-26T00:00:00.000,W,489
812,40790,Monroe/Dearborn,2024-12-26T00:00:00.000,W,1496
813,40800,Sedgwick,2024-12-26T00:00:00.000,W,1017
814,40810,Medical Center,2024-12-26T00:00:00.000,W,669
815,40820,Rosemont,2024-12-26T00:00:00.000,W,2843
816,40830,18th,2024-12-26T00:00:00.000,W,790
817,40840,South Boulevard,2024-12-26T00:00:00.000,W,238
818,40850,Library,2024-12-26T00:00:00.000,W,971
819,40870,Francisco,2024-12-26T00:00:00.000,W,484
820,40880,Thorndale,2024-12-26T00:00:00.000,W,1056
821,40890,O'Hare Airport,2024-12-26T00:00:00.000,W,8597
822,40900,Howard,2024-12-26T00:00:00.000,W,2285
823,40910,63rd-Dan Ryan,2024-12-26T00:00:00.000,W,950
824,40920,Pulaski-Forest Park,2024-12-26T00:00:00.000,W,443
825,40930,Midway Airport,2024-12-26T00:00:00.000,W,3704
826,40940,Halsted/63rd,2024-12-26T00:00:00.000,W,208
827,40960,Pulaski-Orange,2024-12-26T00:00:00.000,W,1895
828,40970,Cicero-Forest Park,2024-12-26T00:00:00.000,W,417
829,40980,Harlem-Forest Park,2024-12-26T00:00:00.000,W,236
830,40990,69th,2024-12-26T00:00:00.000,W,1493
831,41000,Cermak-Chinatown,2024-12-26T00:00:00.000,W,2160
832,41010,Rockwell,2024-12-26T00:00:00.000,W,444
833,41020,Logan Square,2024-12-26T00:00:00.000,W,2331
834,41030,Polk,2024-12-26T00:00:00.000,W,1013
835,41040,Kedzie-Cermak,2024-12-26T00:00:00.000,W,527
836,41050,Linden,2024-12-26T00:00:00.000,W,292
837,41060,Ashland-Orange,2024-12-26T00:00:00.000,W,816
838,41070,Kedzie-Lake,2024-12-26T00:00:00.000,W,432
839,41080,47th-South Elevated,2024-12-26T00:00:00.000,W,401
840,41090,Monroe/State,2024-12-26T00:00:00.000,W,2200
841,41120,35-Bronzeville-IIT,2024-12-26T00:00:00.000,W,423
842,41130,Halsted-Orange,2024-12-26T00:00:00.000,W,964
843,41140,King Drive,2024-12-26T00:00:00.000,W,196
844,41150,Kedzie-Midway,2024-12-26T00:00:00.000,W,1558
845,41160,Clinton-Lake,2024-12-26T00:00:00.000,W,1332
846,41170,Garfield-Dan Ryan,2024-12-26T00:00:00.000,W,1041
847,41180,Kedzie-Brown,2024-12-26T00:00:00.000,W,869
848,41190,Jarvis,2024-12-26T00:00:00.000,W,579
849,41200,Argyle,2024-12-26T00:00:00.000,W,1576
850,41210,Wellington,2024-12-26T00:00:00.000,W,646
851,41220,Fullerton,2024-12-26T00:00:00.000,W,2326
852,41230,47th-Dan Ryan,2024-12-26T00:00:00.000,W,985
853,41240,Addison-O'Hare,2024-12-26T00:00:00.000,W,964
854,41250,Central-Evanston,2024-12-26T00:00:00.000,W,272
855,41260,Austin-Lake,2024-12-26T00:00:00.000,W,656
856,41270,43rd,2024-12-26T00:00:00.000,W,318
857,41280,Jefferson Park,2024-12-26T00:00:00.000,W,3117
858,41290,Kimball,2024-12-26T00:00:00.000,W,1904
859,41300,Loyola,2024-12-26T00:00:00.000,W,1337
860,41310,Paulina,2024-12-26T00:00:00.000,W,641
861,41320,Belmont-North Main,2024-12-26T00:00:00.000,W,3133
862,41330,Montrose-O'Hare,2024-12-26T00:00:00.000,W,1054
863,41340,LaSalle,2024-12-26T00:00:00.000,W,674
864,41710,Damen-Lake,2024-12-25T00:00:00.000,U,179
865,41700,Washington/Wabash,2024-12-25T00:00:00.000,U,1548
866,41690,Cermak-McCormick Place,2024-12-25T00:00:00.000,U,347
867,41680,Oakton-Skokie,2024-12-25T00:00:00.000,U,84
868,41670,Conservatory,2024-12-25T00:00:00.000,U,218
869,41660,Lake/State,2024-12-25T00:00:00.000,U,2485
870,41510,Morgan-Lake,2024-12-25T00:00:00.000,U,592
871,41500,Montrose-Brown,2024-12-25T00:00:00.000,U,219
872,41490,Harrison,2024-12-25T00:00:00.000,U,514
873,41480,Western-Brown,2024-12-25T00:00:00.000,U,388
874,41460,Irving Park-Brown,2024-12-25T00:00:00.000,U,211
875,41450,Chicago/State,2024-12-25T00:00:00.000,U,1718
876,41440,Addison-Brown,2024-12-25T00:00:00.000,U,155
877,41430,87th,2024-12-25T00:00:00.000,U,555
878,41420,Addison-North Main,2024-12-25T00:00:00.000,U,816
879,41410,Chicago/Milwaukee,2024-12-25T00:00:00.000,U,503
880,41400,Roosevelt,2024-12-25T00:00:00.000,U,1480
881,41380,Bryn Mawr,2024-12-25T00:00:00.000,U,454
882,41360,California-Lake,2024-12-25T00:00:00.000,U,226
883,41350,Oak Park-Lake,2024-12-25T00:00:00.000,U,111
884,41340,LaSalle,2024-12-25T00:00:00.000,U,255
885,41330,Montrose-O'Hare,2024-12-25T00:00:00.000,U,427
886,41320,Belmont-North Main,2024-12-25T00:00:00.000,U,980
887,41310,Paulina,2024-12-25T00:00:00.000,U,170
888,41300,Loyola,2024-12-25T00:00:00.000,U,678
889,41290,Kimball,2024-12-25T00:00:00.000,U,836
890,40010,Austin-Forest Park,2024-12-25T00:00:00.000,U,146
891,40020,Harlem-Lake,2024-12-25T00:00:00.000,U,497
892,40030,Pulaski-Lake,2024-12-25T00:00:00.000,U,302
893,40040,Quincy/Wells,2024-12-25T00:00:00.000,U,523
894,40050,Davis,2024-12-25T00:00:00.000,U,403
895,40060,Belmont-O'Hare,2024-12-25T00:00:00.000,U,742
896,40070,Jackson/Dearborn,2024-12-25T00:00:00.000,U,620
897,40080,Sheridan,2024-12-25T00:00:00.000,U,423
898,40090,Damen-Brown,2024-12-25T00:00:00.000,U,238
899,40100,Morse,2024-12-25T00:00:00.000,U,692
900,40120,35th/Archer,2024-12-25T00:00:00.000,U,271
901,40130,51st,2024-12-25T00:00:00.000,U,193
902,40140,Dempster-Skokie,2024-12-25T00:00:00.000,U,189
903,40150,Pulaski-Cermak,2024-12-25T00:00:00.000,U,216
904,40160,LaSalle/Van Buren,2024-12-25T00:00:00.000,U,181
905,40170,Ashland-Lake,2024-12-25T00:00:00.000,U,278
906,40180,Oak Park-Forest Park,2024-12-25T00:00:00.000,U,69
907,40190,Sox-35th-Dan Ryan,2024-12-25T00:00:00.000,U,473
908,40210,Damen-Cermak,2024-12-25T00:00:00.000,U,211
909,40220,Western-Forest Park,2024-12-25T00:00:00.000,U,161
910,40230,Cumberland,2024-12-25T00:00:00.000,U,510
911,40240,79th,2024-12-25T00:00:00.000,U,1173
912,40250,Kedzie-Homan-Forest Park,2024-12-25T00:00:00.000,U,377
913,40260,State/Lake,2024-12-25T00:00:00.000,U,1719
914,40270,Main,2024-12-25T00:00:00.000,U,141
915,40280,Central-Lake,2024-12-25T00:00:00.000,U,446
916,40290,Ashland/63rd,2024-12-25T00:00:00.000,U,235
917,40300,Indiana,2024-12-25T00:00:00.000,U,104
918,40310,Western-Orange,2024-12-25T00:00:00.000,U,493
919,40320,Division/Milwaukee,2024-12-25T00:00:00.000,U,584
920,40330,Grand/State,2024-12-25T00:00:00.000,U,1787
921,40340,Berwyn,2024-12-25T00:00:00.000,U,0
922,40350,UIC-Halsted,2024-12-25T00:00:00.000,U,356
923,40360,Southport,2024-12-25T00:00:00.000,U,234
924,40370,Washington/Dearborn,2024-12-25T00:00:00.000,U,1611
925,40380,Clark/Lake,2024-12-25T00:00:00.000,U,1410
926,40390,Forest Park,2024-12-25T00:00:00.000,U,290
927,40400,Noyes,2024-12-25T00:00:00.000,U,67
928,40420,Cicero-Cermak,2024-12-25T00:00:00.000,U,284
929,40430,Clinton-Forest Park,2024-12-25T00:00:00.000,U,509
930,40440,California-Cermak,2024-12-25T00:00:00.000,U,239
931,40450,95th/Dan Ryan,2024-12-25T00:00:00.000,U,1565
932,40460,Merchandise Mart,2024-12-25T00:00:00.000,U,259
933,40470,Racine,2024-12-25T00:00:00.000,U,101
934,40480,Cicero-Lake,2024-12-25T00:00:00.000,U,193
935,40490,Grand/Milwaukee,2024-12-25T00:00:00.000,U,307
936,40510,Garfield-South Elevated,2024-12-25T00:00:00.000,U,182
937,40520,Foster,2024-12-25T00:00:00.000,U,73
938,40530,Diversey,2024-12-25T00:00:00.000,U,305
939,40540,Wilson,2024-12-25T00:00:00.000,U,1211
940,40550,Irving Park-O'Hare,2024-12-25T00:00:00.000,U,716
941,40560,Jackson/State,2024-12-25T00:00:00.000,U,732
942,40570,California/Milwaukee,2024-12-25T00:00:00.000,U,515
943,40580,54th/Cermak,2024-12-25T00:00:00.000,U,348
944,40590,Damen/Milwaukee,2024-12-25T00:00:00.000,U,425
945,40600,Kostner,2024-12-25T00:00:00.000,U,119
946,40610,Ridgeland,2024-12-25T00:00:00.000,U,92
947,40630,Clark/Division,2024-12-25T00:00:00.000,U,949
948,40650,North/Clybourn,2024-12-25T00:00:00.000,U,566
949,40660,Armitage,2024-12-25T00:00:00.000,U,169
950,40670,Western/Milwaukee,2024-12-25T00:00:00.000,U,590
951,40680,Adams/Wabash,2024-12-25T00:00:00.000,U,505
952,40690,Dempster,2024-12-25T00:00:00.000,U,131
953,40700,Laramie,2024-12-25T00:00:00.000,U,197
954,40710,Chicago/Franklin,2024-12-25T00:00:00.000,U,593
955,40720,East 63rd-Cottage Grove,2024-12-25T00:00:00.000,U,175
956,40730,Washington/Wells,2024-12-25T00:00:00.000,U,301
957,40740,Western-Cermak,2024-12-25T00:00:00.000,U,264
958,40750,Harlem-O'Hare,2024-12-25T00:00:00.000,U,351
959,40760,Granville,2024-12-25T00:00:00.000,U,453
960,40770,Lawrence,2024-12-25T00:00:00.000,U,0
961,40780,Central Park,2024-12-25T00:00:00.000,U,199
962,40790,Monroe/Dearborn,2024-12-25T00:00:00.000,U,413
963,40800,Sedgwick,2024-12-25T00:00:00.000,U,363
964,40810,Medical Center,2024-12-25T00:00:00.000,U,297
965,40820,Rosemont,2024-12-25T00:00:00.000,U,1116
966,40830,18th,2024-12-25T00:00:00.000,U,331
967,40840,South Boulevard,2024-12-25T00:00:00.000,U,89
968,40850,Library,2024-12-25T00:00:00.000,U,356
969,40870,Francisco,2024-12-25T00:00:00.000,U,142
970,40880,Thorndale,2024-12-25T00:00:00.000,U,453
971,40890,O'Hare Airport,2024-12-25T00:00:00.000,U,5789
972,40900,Howard,2024-12-25T00:00:00.000,U,1116
973,40910,63rd-Dan Ryan,2024-12-25T00:00:00.000,U,570
974,40920,Pulaski-Forest Park,2024-12-25T00:00:00.000,U,276
975,40930,Midway Airport,2024-12-25T00:00:00.000,U,1313
976,40940,Halsted/63rd,2024-12-25T00:00:00.000,U,109
977,40960,Pulaski-Orange,2024-12-25T00:00:00.000,U,467
978,40970,Cicero-Forest Park,2024-12-25T00:00:00.000,U,213
979,40980,Harlem-Forest Park,2024-12-25T00:00:00.000,U,102
980,40990,69th,2024-12-25T00:00:00.000,U,747
981,41000,Cermak-Chinatown,2024-12-25T00:00:00.000,U,2207
982,41010,Rockwell,2024-12-25T00:00:00.000,U,134
983,41020,Logan Square,2024-12-25T00:00:00.000,U,743
984,41030,Polk,2024-12-25T00:00:00.000,U,261
985,41040,Kedzie-Cermak,2024-12-25T00:00:00.000,U,175
986,41050,Linden,2024-12-25T00:00:00.000,U,90
987,41060,Ashland-Orange,2024-12-25T00:00:00.000,U,243
988,41070,Kedzie-Lake,2024-12-25T00:00:00.000,U,203
989,41080,47th-South Elevated,2024-12-25T00:00:00.000,U,143
990,41090,Monroe/State,2024-12-25T00:00:00.000,U,595
991,41120,35-Bronzeville-IIT,2024-12-25T00:00:00.000,U,168
992,41130,Halsted-Orange,2024-12-25T00:00:00.000,U,308
993,41140,King Drive,2024-12-25T00:00:00.000,U,113
994,41150,Kedzie-Midway,2024-12-25T00:00:00.000,U,387
995,41160,Clinton-Lake,2024-12-25T00:00:00.000,U,367
996,41170,Garfield-Dan Ryan,2024-12-25T00:00:00.000,U,437
997,41180,Kedzie-Brown,2024-12-25T00:00:00.000,U,294
998,41190,Jarvis,2024-12-25T00:00:00.000,U,291
999,41200,Argyle,2024-12-25T00:00:00.000,U,774
